"","comId"
"1","1001"
"2","1002"
"3","1003"
"4","1004"
"5","1051"
"6","1053"
"7","1054"
"8","1055"
"9","1056"
"10","1057"
"11","1058"
"12","1059"
"13","1060"
"14","1061"
"15","1062"
"16","3151"
"17","3152"
"18","3155"
"19","3156"
"20","3241"
"21","3251"
"22","3252"
"23","3254"
"24","3255"
"25","3256"
"26","3257"
"27","3351"
"28","3352"
"29","3353"
"30","3354"
"31","3355"
"32","3356"
"33","3357"
"34","3358"
"35","3359"
"36","3360"
"37","3361"
"38","3451"
"39","3452"
"40","3453"
"41","3454"
"42","3455"
"43","3456"
"44","3457"
"45","3458"
"46","3459"
"47","3460"
"48","3461"
"49","3462"
"50","5116"
"51","5154"
"52","5158"
"53","5162"
"54","5166"
"55","5170"
"56","5358"
"57","5362"
"58","5366"
"59","5370"
"60","5374"
"61","5382"
"62","5554"
"63","5558"
"64","5562"
"65","5566"
"66","5570"
"67","5754"
"68","5758"
"69","5762"
"70","5766"
"71","5770"
"72","5774"
"73","5915"
"74","5958"
"75","5962"
"76","5966"
"77","5970"
"78","5974"
"79","5978"
"80","6414"
"81","6431"
"82","6432"
"83","6433"
"84","6434"
"85","6435"
"86","6436"
"87","6437"
"88","6439"
"89","6440"
"90","6531"
"91","6532"
"92","6533"
"93","6534"
"94","6535"
"95","6631"
"96","6632"
"97","6633"
"98","6634"
"99","6635"
"100","6636"
"101","7231"
"102","7232"
"103","7235"
"104","7336"
"105","8116"
"106","8118"
"107","8119"
"108","8125"
"109","8126"
"110","8127"
"111","8128"
"112","8136"
"113","8225"
"114","8226"
"115","8236"
"116","8237"
"117","8325"
"118","8335"
"119","8337"
"120","8417"
"121","8425"
"122","8426"
"123","8436"
"124","8437"
"125","9161"
"126","9162"
"127","9163"
"128","9171"
"129","9172"
"130","9173"
"131","9174"
"132","9175"
"133","9176"
"134","9177"
"135","9178"
"136","9179"
"137","9181"
"138","9182"
"139","9183"
"140","9184"
"141","9185"
"142","9186"
"143","9187"
"144","9188"
"145","9189"
"146","9190"
"147","9261"
"148","9262"
"149","9263"
"150","9271"
"151","9272"
"152","9273"
"153","9274"
"154","9275"
"155","9276"
"156","9277"
"157","9278"
"158","9279"
"159","9361"
"160","9362"
"161","9363"
"162","9371"
"163","9372"
"164","9373"
"165","9374"
"166","9375"
"167","9376"
"168","9377"
"169","9462"
"170","9463"
"171","9464"
"172","9471"
"173","9472"
"174","9473"
"175","9474"
"176","9475"
"177","9476"
"178","9477"
"179","9478"
"180","9479"
"181","9561"
"182","9562"
"183","9563"
"184","9564"
"185","9565"
"186","9571"
"187","9572"
"188","9573"
"189","9574"
"190","9575"
"191","9576"
"192","9577"
"193","9661"
"194","9662"
"195","9663"
"196","9671"
"197","9672"
"198","9673"
"199","9674"
"200","9675"
"201","9676"
"202","9677"
"203","9678"
"204","9679"
"205","9761"
"206","9762"
"207","9764"
"208","9771"
"209","9772"
"210","9773"
"211","9774"
"212","9775"
"213","9777"
"214","9778"
"215","9779"
"216","10041"
"217","10042"
"218","10043"
"219","10044"
"220","10045"
"221","10046"
"222","12060"
"223","12061"
"224","12062"
"225","12063"
"226","12064"
"227","12065"
"228","12066"
"229","12067"
"230","12068"
"231","12069"
"232","12070"
"233","12071"
"234","12072"
"235","12073"
"236","14521"
"237","14522"
"238","14523"
"239","14524"
"240","14625"
"241","14626"
"242","14627"
"243","14729"
"244","14730"
"245","15081"
"246","15090"
"247","16061"
"248","16062"
"249","16063"
"250","16064"
"251","16065"
"252","16066"
"253","16067"
"254","16068"
"255","16069"
"256","16070"
"257","16071"
"258","16073"
"259","16074"
"260","16075"
"261","16076"
"262","16077"
